,x,y,word,label
HTML,-12.872045,-30.60564,HTML,4
PHP,-23.16768,-30.853085,PHP,4
Web,-54.287113,-22.400093,Web,4
ul,51.331135,-19.64229,ul,3
elper,-15.29287,-43.18914,elper,4
vlue,58.23252,-28.789824,vlue,3
C++,-2.392811,-34.450905,C++,2
cle,31.373877,-34.422638,cle,3
egne,-14.703594,-36.48996,egne,4
SQL,-59.29856,-11.467232,SQL,3
lke,27.546898,-25.241959,lke,3
ler,32.651524,-36.820152,ler,3
ngen,-11.94485,-45.20087,ngen,1
enble,-13.12617,-42.034626,enble,4
Serr,-58.93642,-11.665032,Serr,1
ec,50.753963,-28.210188,ec,3
lee,-33.79806,-39.524933,lee,0
lp,-14.297826,-42.329678,lp,4
brwer,-18.446196,-36.104053,brwer,4
newk,3.4102263,-44.044857,newk,3
new,-2.4694672,-38.469585,new,3
efe,54.594376,-25.438478,efe,3
THS,-28.067926,-53.580696,THS,0
cec,32.09989,-33.6762,cec,3
envrn,-16.958797,-39.337433,envrn,4
',19.721453,-28.270723,',0
ee,37.944805,-33.694,ee,3
Se,-55.356964,-17.093195,Se,1
Apc,-28.249346,-22.121384,Apc,4
funcl,29.634861,-33.174385,funcl,4
cer,52.337215,-27.793182,cer,3
pruc,-11.118935,-46.271427,pruc,1
perg,-50.68237,-32.828472,perg,0
cu,27.535156,-27.40172,cu,4
erc,21.080893,-42.68018,erc,4
vlble,-45.54368,-31.217205,vlble,1
ulple,45.837337,-35.7397,ulple,3
NOT,-27.119991,-53.551453,NOT,0
pen-ce,-21.811832,-31.900953,pen-ce,4
lk,-10.2997055,-28.376554,lk,4
elpe,-58.93298,-17.707043,elpe,1
rr,58.04371,-25.880487,rr,3
ffen,46.58606,-35.303604,ffen,3
nur,57.79903,-28.741238,nur,3
Ru,-15.279963,-32.24173,Ru,4
P,-50.215973,-31.31209,P,1
nge,-11.66334,-42.948597,nge,1
un,46.581203,-33.462902,un,3
prcl,3.0322702,-44.29073,prcl,1
pge,44.12293,-39.764732,pge,3
rucu,54.350418,-23.873075,rucu,3
S,-29.573988,-49.858524,S,0
Frwk,-38.33919,-21.155115,Frwk,4
Vul,-63.416473,-12.513687,Vul,0
Servce,-57.784485,-21.083733,Servce,1
bulg,-18.310831,-33.81638,bulg,4
R,-6.443346,-27.550617,R,2
nc,-14.709992,-35.498,nc,4
pc,52.894215,-28.868439,pc,3
enge,-17.669085,-28.742569,enge,4
gr,52.061768,-32.79259,gr,3
kwn,-31.121126,-33.16258,kwn,1
wk,39.760788,-32.75801,wk,4
grg,14.751453,-31.91838,grg,0
jQuer,-12.2674,-29.838326,jQuer,4
gl,12.068739,-46.292946,gl,3
lu,-11.264674,-45.210293,lu,1
nl,52.60024,-14.982877,nl,3
gle,45.645004,-35.980316,gle,3
U,-12.426963,-26.284454,U,4
Su,-63.419132,-12.512928,Su,0
gener,7.214014,-24.96656,gener,2
HTTP,3.2710876,-40.03666,HTTP,4
Ce,-39.02113,-21.01837,Ce,1
ene,56.231094,-15.512019,ene,3
erl,25.22214,-23.482365,erl,3
lgh,56.34676,-26.837547,lgh,3
USE,-27.311447,-53.443092,USE,0
CSS,-12.742417,-30.516434,CSS,4
x,-32.88871,-38.52005,x,0
DO,-27.269917,-53.445312,DO,0
clug,24.066128,-23.22896,clug,1
XML,25.284956,-38.48508,XML,2
"ce,",31.775818,-42.955807,"ce,",3
TAG!,-28.079115,-53.541664,TAG!,0
chnge,50.19086,-32.575943,chnge,3
eple,23.525454,-38.44725,eple,4
generl,18.215443,-32.860825,generl,0
vru,30.458538,-28.756357,vru,3
fr,48.67131,-38.928368,fr,3
Mc,-48.817425,-32.549435,Mc,1
egn,56.46525,-19.209082,egn,3
j,7.703849,-28.105858,j,0
pg,26.926886,-23.596352,pg,3
prceg,33.270126,-21.640263,prceg,2
hn,55.464973,-29.651701,hn,3
pble,38.98421,-30.579775,pble,3
lbr,-8.704104,-25.71909,lbr,4
ech,56.114586,-29.972399,ech,3
vl,52.608257,-21.958538,vl,3
egr,-13.183194,-43.76282,egr,4
prvg,-12.561832,-34.521507,prvg,4
ph,28.882507,-36.977905,ph,3
runng,6.6010156,-49.255882,runng,1
Yu,40.409946,-32.230244,Yu,3
cpble,-13.97114,-36.419685,cpble,4
),-28.863684,-35.925507,),2
prble,53.363335,-28.80075,prble,0
uc,44.52144,-32.293762,uc,3
pern,56.44336,-19.332804,pern,3
crp,8.03967,-32.566536,crp,4
exp,58.29634,-23.995886,exp,3
SDK,-51.106216,-25.352465,SDK,4
G,-32.34718,-20.598913,G,4
nce,49.370293,-32.069458,nce,3
clu,-10.101259,-45.8288,clu,1
Azu,-57.887688,-21.079502,Azu,1
gene,23.407122,-38.440823,gene,3
lr,55.940586,-14.446549,lr,3
hg,40.52223,-29.596933,hg,3
"g,",19.48696,-29.631327,"g,",0
gn,56.121597,-29.605244,gn,3
fu,-13.78878,-39.524776,fu,4
Te,-55.88605,-11.779699,Te,1
fl,49.811325,-16.513075,fl,3
Lux,-50.488464,-32.61939,Lux,1
cnec,3.3212187,-41.734768,cnec,1
pn,46.11775,-31.730555,pn,3
bl,48.764076,-33.32483,bl,3
nee,40.124687,-32.407303,nee,3
ASPNET,-26.333593,-28.368238,ASPNET,4
erch,32.756096,-24.582401,erch,3
plce,51.051243,-32.15365,plce,3
Clu,-56.954174,-22.3815,Clu,1
bg,-7.676876,-24.835062,bg,4
X,-48.850483,-32.4214,X,1
perf,49.72942,-34.180058,perf,3
cpler,-2.523802,-33.427803,cpler,0
"c,",50.096424,-28.620956,"c,",3
fc,14.551716,-41.844006,fc,3
ne,38.067318,-26.577421,ne,3
wrg,-4.7606883,-27.160423,wrg,4
kg,18.802748,-29.543245,kg,0
N,-31.153168,-24.821596,N,0
vrble,58.110386,-27.66442,vrble,3
perfnce,-7.3159676,-36.818073,perfnce,2
br,51.667828,-29.911118,br,3
cp,47.211742,-27.097185,cp,3
Applc,-56.84788,-16.476658,Applc,1
urg,41.52321,-30.751785,urg,3
Re,-53.77811,-12.733042,Re,1
ep,48.824623,-32.78749,ep,3
cfgur,17.019787,-39.74507,cfgur,3
generc,20.145147,-31.525995,generc,0
chrcer,57.487736,-28.308666,chrcer,3
cc,45.485397,-28.454071,cc,3
pecfe,56.395256,-29.104214,pecfe,3
uge,17.05869,-31.727781,uge,0
cpe,48.8918,-27.146944,cpe,3
vul,38.716248,-27.60518,vul,3
wg,14.532283,-38.046318,wg,4
brc,32.088833,-34.97979,brc,3
ger,43.4516,-25.631273,ger,3
nx,58.233765,-22.276468,nx,3
C#,-4.0880065,-31.119047,C#,4
urn,57.67876,-27.237278,urn,3
prg,28.054287,-37.19684,prg,3
nerne,-54.06393,-15.88235,nerne,1
"f,",31.965546,-23.320871,"f,",3
eer,42.937706,-32.462387,eer,3
quer,4.819357,-33.488075,quer,2
execue,47.85757,-35.601368,execue,3
Orcle,-58.595657,-12.148311,Orcle,1
cunc,3.1327186,-43.79578,cunc,1
ecr,54.117203,-22.552914,ecr,3
grph,53.123844,-11.065634,grph,3
qu,44.415787,-33.7636,qu,3
DE,-27.497147,-33.653748,DE,0
Apple,-49.54125,-31.34004,Apple,1
JSON,26.526474,-37.97187,JSON,2
Plee,19.775787,-33.164883,Plee,0
App,-51.15467,-25.950327,App,1
hrw,8.734855,-48.54427,hrw,3
ner,33.889103,-26.217684,ner,3
Open,-59.282413,-15.544978,Open,1
Az,-57.188694,-22.224447,Az,1
rw,55.66299,-31.339787,rw,3
uu,48.408825,-32.483967,uu,3
cpn,-11.199308,-45.261208,cpn,1
grphc,34.5757,-35.489136,grphc,3
B,-48.37185,-15.640639,B,1
prr,-7.2230744,-44.572277,prr,1
Lnguge,-34.35077,-16.738049,Lnguge,1
BM,-57.4195,-17.039295,BM,1
lghgh,-19.244247,-31.274307,lghgh,4
lc,46.219624,-31.540379,lc,3
Wn,20.410986,-31.6115,Wn,0
Q,30.934301,-34.950214,Q,4
fence,55.88952,-24.771671,fence,3
rchecu,-31.337915,-31.122042,rchecu,1
lel,31.831974,-19.369316,lel,3
"l,",26.046736,-26.826649,"l,",3
M,-34.395615,-37.230915,M,1
"p,",38.85292,-36.491547,"p,",3
Lbrr,-42.16937,-20.228083,Lbrr,1
Rec,-14.3274765,-27.442112,Rec,4
uble,25.141407,-33.914005,uble,4
bue,-9.12234,-44.65349,bue,1
ruce,-35.691933,-38.763332,ruce,0
"pplc,",-16.554066,-42.27528,"pplc,",4
whle,40.84557,-34.512016,whle,3
cple,23.069626,-38.43361,cple,3
lerng,7.162187,-21.134808,lerng,2
wrpper,-8.095458,-25.467838,wrpper,4
plg,34.716366,-34.7469,plg,3
ern,-16.832413,-36.14762,ern,4
Mngen,-57.50402,-16.206589,Mngen,1
ck,22.676476,-18.16945,ck,3
elpg,-19.083565,-38.419662,elpg,4
ze,51.19249,-30.899536,ze,3
cb,20.834034,-16.372355,cb,3
vrul,8.369164,-47.64404,vrul,3
prpe,54.107903,-25.309284,prpe,3
fel,53.18998,-31.311926,fel,3
MVC,-26.295141,-28.394249,MVC,4
fg,47.48626,-24.39506,fg,3
Ne,-30.893255,-21.92798,Ne,4
ecur,5.045088,-42.71184,ecur,1
elec,53.681408,-32.78761,elec,3
echnque,54.04094,-19.753504,echnque,3
Sprg,-54.263596,-20.682575,Sprg,4
Pr,-42.780567,-17.98337,Pr,1
wkg,-8.916666,-23.802925,wkg,4
ccep,54.101257,-20.945587,ccep,3
nu,52.922047,-32.69763,nu,3
"lnguge,",-0.60110724,-33.302456,"lnguge,",2
cr-plf,-20.214552,-31.825521,cr-plf,4
rch,-16.774261,-36.02159,rch,4
Objec,-41.465034,-18.279663,Objec,1
Eclpe,-27.352009,-33.608883,Eclpe,4
gg,2.0265415,-43.16602,gg,1
exg,30.958904,-27.547796,exg,3
pful,-17.998034,-31.99472,pful,4
cue,41.45138,-29.928555,cue,3
prper,53.42472,-32.211506,prper,3
Sck,-25.904692,-52.822563,Sck,0
Angulr,-13.388126,-27.772177,Angulr,4
Nej,-19.005646,-31.426369,Nej,4
hgh,-7.364007,-36.83629,hgh,2
Ver,-32.898544,-38.08755,Ver,1
Scl,-4.6839614,-28.677673,Scl,4
echlg,-10.260251,-44.1157,echlg,1
hv,39.003716,-27.07757,hv,3
ppulr,-20.543373,-30.54785,ppulr,4
Rl,-15.289846,-32.227406,Rl,4
pruce,28.01247,-19.676008,pruce,3
pce,51.45965,-30.235447,pce,3
Djng,-23.875137,-29.398235,Djng,4
lrge,33.209354,-21.563606,lrge,3
he,11.82328,-39.91183,he,3
wge,-12.460247,-26.170965,wge,4
Tg,-24.662928,-51.927692,Tg,0
pple,18.682306,-30.910635,pple,0
crpg,1.51923,-32.792942,crpg,4
burne,-29.868309,-53.214813,burne,0
Plf,-56.613388,-17.703594,Plf,1
rn,47.27945,-27.853035,rn,3
purpe,54.236343,-17.892103,purpe,3
hnle,32.207287,-30.083769,hnle,3
DON'T,-29.935822,-52.369392,DON'T,1
ekp,-18.21371,-41.550232,ekp,4
fun,35.84629,-18.362127,fun,3
rge,38.22015,-32.188156,rge,3
bc,30.45103,-32.84773,bc,3
cex,49.13957,-23.660295,cex,3
GU,-10.521698,-25.797083,GU,4
execu,47.53258,-35.300865,execu,3
curn,51.206394,-32.1897,curn,3
cplex,34.56812,-20.999352,cplex,3
ch,46.08937,-30.71284,ch,3
AWS,-57.083794,-22.323647,AWS,1
chn,30.895803,-32.680374,chn,3
Sw,-58.28769,-17.420507,Sw,1
ww,42.206512,-38.795918,ww,3
wr,49.500893,-29.982203,wr,3
grphcl,21.2445,-42.620556,grphcl,4
eful,39.499046,-26.78185,eful,3
ueful,26.307774,-30.025412,ueful,3
TAG,-28.5733,-51.538902,TAG,0
enerp,-11.554728,-45.245735,enerp,1
"w,",44.369743,-34.242672,"w,",3
lern,-1.8792951,-21.189821,lern,2
rnf,51.279858,-21.250296,rnf,3
prculr,53.068966,-27.214237,prculr,3
cruc,56.619625,-23.166454,cruc,3
ju,19.46332,-28.697145,ju,0
Me,-52.14427,-13.097357,Me,1
prcee,45.411602,-35.141655,prcee,3
lw,41.081017,-20.236464,lw,3
cpu,52.436756,-19.334696,cpu,3
hr,43.35888,-29.56627,hr,3
vg,47.1211,-24.653687,vg,3
cpug,-7.2366877,-38.566956,cpug,1
See,-24.66399,-51.711647,See,0
nerg,-15.951414,-30.050001,nerg,4
crg,47.11021,-24.707401,crg,3
rp,-16.445736,-40.437748,rp,4
THNK,-29.909178,-52.654,THNK,1
EVEN,-29.93322,-52.58879,EVEN,1
"AP,",-51.554314,-23.598951,"AP,",1
pec,38.3138,-23.377268,pec,3
plee,17.604511,-32.583477,plee,0
"""",-24.569138,-51.651478,"""",0
rk,54.887054,-12.528149,rk,3
OF,-29.88848,-52.73992,OF,2
E,-41.765274,-22.313557,E,1
equence,56.794674,-28.101728,equence,3
rnge,49.19421,-27.995695,rnge,3
Apple',-47.48715,-31.421724,Apple',0
USNG,-29.914911,-52.82209,USNG,1
rc,46.975315,-28.904406,rc,3
L,-44.89639,-14.311797,L,1
Pl,-55.8548,-18.87676,Pl,1
WRONG,-28.71173,-51.656296,WRONG,0
"frwk,",-25.211443,-30.029898,"frwk,",4
REST,-52.2993,-23.08147,REST,4
pecl,55.711155,-23.572191,pecl,3
Sce,-59.295395,-15.537494,Sce,1
cplee,9.41522,-16.249338,cplee,4
URL,39.24631,-25.50777,URL,3
"n,",48.67853,-29.503483,"n,",3
K,-56.64158,-19.336485,K,1
elg,1.7013342,-26.832012,elg,2
ngg,-12.548583,-40.72359,ngg,4
ppg,2.1390946,-21.635477,ppg,2
fcl,-31.959137,-20.01777,fcl,0
"ge,",38.650032,-36.72441,"ge,",3
"h,",48.359303,-30.438707,"h,",3
lcl,9.071607,-46.040104,lcl,3
Fun,-55.862976,-10.156219,Fun,1
uch,35.820515,-26.385952,uch,3
Fcebk,-50.326347,-24.729942,Fcebk,4
"fle,",52.12022,-36.701584,"fle,",3
Tl,-41.645817,-22.292126,Tl,1
excep,43.805077,-30.158382,excep,3
Al,17.503036,-25.349062,Al,0
Jvcrp,-14.417825,-29.097754,Jvcrp,4
ece,40.50323,3.0135958,ece,2
+,-29.851326,-25.167376,+,4
unc,1.9598776,-41.39502,unc,4
flexble,-17.9377,-31.89218,flexble,4
V,-43.03004,-16.085314,V,1
blck,53.833305,-21.376442,blck,3
clun,55.67547,-31.316221,clun,3
GNU,-31.281866,-37.88264,GNU,0
crcl,-24.119137,-34.260994,crcl,1
Enerp,-57.413467,-16.509005,Enerp,1
Delpn,-58.47971,-18.14554,Delpn,1
exple,49.029884,-22.213083,exple,3
expence,-15.956237,-41.65759,expence,4
bul-,-6.996225,-22.672989,bul-,4
nger,-23.137934,-9.712476,nger,4
ng,49.187016,-23.422443,ng,3
"que,",17.277433,-32.13794,"que,",0
cur,51.070175,-26.683697,cur,3
Mcr',-55.581158,-9.6264925,Mcr',1
"r,",49.976997,-17.569208,"r,",3
fler,51.99498,-36.482338,fler,3
rule,53.57056,-22.367989,rule,3
PDF,25.78135,-36.347794,PDF,4
hnlg,20.509663,-20.336136,hnlg,3
cul,45.463646,-28.974459,cul,3
plene,-3.3380394,-25.57359,plene,2
lgc,53.720203,-19.451572,lgc,3
Enge,-54.71007,-19.614653,Enge,1
bjec-ene,-1.042866,-32.745064,bjec-ene,2
ruc,50.209187,-16.277029,ruc,3
W,-55.26465,-8.336546,W,1
O,-8.170232,-28.90319,O,4
Prcl,-51.58132,-18.310637,Prcl,1
chr,26.45857,-34.80133,chr,4
"pe,",49.6545,-24.723776,"pe,",3
Orflw,-25.907055,-52.701675,Orflw,0
En,-38.84154,-20.55133,En,1
nerfce,-43.54293,-19.171303,nerfce,1
Ac,-52.570293,-18.58153,Ac,1
epln,-12.352343,-43.313572,epln,4
ec),42.876892,-14.220614,ec),3
lcene,-30.641066,-37.33374,lcene,1
l-,-9.424924,-41.927895,l-,1
echlge,-19.261187,-26.926514,echlge,4
cn-le,-10.289778,-25.780573,cn-le,4
(l,47.833504,-14.148533,(l,2
Xce,-47.242928,-31.499264,Xce,0
ele,49.08206,-3.864897,ele,3
Perl,-3.2380044,-29.052921,Perl,2
Hke,-4.397208,-28.29635,Hke,4
elf,44.326637,-20.550457,elf,3
gh,41.170185,-29.298666,gh,3
nchru,0.33315027,-18.992792,nchru,2
peng,51.321148,-22.315619,peng,3
THE,-28.751497,-51.57677,THE,0
pecf,20.878883,-30.387127,pecf,0
"be,",27.889362,-21.04097,"be,",3
(eg,50.975056,-24.082096,(eg,3
(n,47.218056,-10.6189,(n,3
Chr,-49.90856,-25.504425,Chr,4
Cr,-43.02297,-18.299778,Cr,1
epl,-11.940984,-43.147556,epl,1
H,-53.257717,-12.808364,H,1
Uer,-54.57169,-3.258394,Uer,1
:,8.582705,-12.913952,:,2
MSQL,-61.103127,-8.318437,MSQL,1
pprp,18.654705,-30.542337,pprp,0
Excel,-55.86802,-7.682891,Excel,0
bck,34.142605,-29.082342,bck,3
AngulrJS,-13.943863,-27.576847,AngulrJS,4
vnce,-14.372,-36.142384,vnce,4
Dbe,-58.224213,-12.437025,Dbe,1
expe,29.736635,-30.685535,expe,3
"err,",3.483693,-37.40672,"err,",1
gulr,57.70684,-23.302502,gulr,3
pleng,-4.7589126,-23.264126,pleng,2
pee,45.05841,-24.594027,pee,3
Offce,-55.94136,-8.890219,Offce,1
ube,46.578793,-18.71399,ube,3
Mn,-22.204607,-21.582344,Mn,4
Dc,-52.79738,-19.159466,Dc,1
elp,-16.552874,-39.644527,elp,4
rgun,57.934784,-26.068348,rgun,3
fcle,-11.142784,-34.161255,fcle,4
"ue,",22.964136,-10.237715,"ue,",2
prgrc,4.3681455,-18.262712,prgrc,4
publc,7.6890597,-41.269672,publc,3
frrucu,-11.176545,-43.5338,frrucu,1
Mble,-50.512394,-26.234957,Mble,1
eec,43.65194,-23.594193,eec,3
Delph,-33.692795,-37.0403,Delph,0
Be,-34.112892,-7.8221445,Be,1
cpg,47.495014,-21.467503,cpg,3
Cl,-35.51163,-19.01188,Cl,2
rl,36.139004,-20.244278,rl,3
Cc,-44.5119,-33.497593,Cc,4
(frl,-57.532177,-17.775238,(frl,1
ecrp,55.70654,-22.873001,ecrp,3
hghl,-11.199825,-40.06152,hghl,4
Dnc,-55.72029,-9.932183,Dnc,1
-b,-28.852896,-35.69218,-b,0
Crl,-53.34107,-14.610365,Crl,1
DOM,27.017275,-34.3975,DOM,3
ecu,2.3389583,-43.006485,ecu,1
eplg,-18.395554,-27.691965,eplg,4
hl,39.822212,-26.296013,hl,3
Anhg,48.16348,-18.869135,Anhg,3
ccur,44.00514,-30.247175,ccur,3
jvcrp,-14.335854,-28.96166,jvcrp,4
jv,-10.4086,-22.012123,jv,4
pze,-8.5844345,-38.45158,pze,1
flw,46.711365,-29.211271,flw,3
plc,44.5756,-24.898827,plc,3
"lbrr,",-9.484723,-24.226372,"lbrr,",4
Prjec,-57.181343,-14.839499,Prjec,1
vulz,-17.080488,-30.127863,vulz,4
ef,56.218166,-23.225603,ef,3
ppe,49.86729,-22.326292,ppe,3
Mnger,-54.585384,-16.732521,Mnger,1
"cl,",53.88718,-25.70741,"cl,",3
Tlk,-41.878372,-20.12372,Tlk,4
MgDB,-27.428406,-19.174564,MgDB,4
Mp,-50.802666,-24.14742,Mp,1
cke,4.4177685,-39.909756,cke,3
"Ww,",-49.288895,-31.61803,"Ww,",1
"OS,",-49.44193,-30.602234,"OS,",1
Wk,-24.521982,-51.68177,Wk,0
epenen,40.103172,-12.776741,epenen,3
npul,27.421556,-37.06255,npul,3
Mel,-41.67313,-18.349194,Mel,1
npule,31.453072,-30.468523,npule,3
pper,40.758846,-26.32614,pper,3
curnl,-29.964903,0.97043604,curnl,2
nlc,-10.1423855,-41.560093,nlc,1
Fle,-51.1655,-16.603909,Fle,1
"HTML,",-16.431091,-28.452812,"HTML,",4
Snr,-4.3109493,-34.28252,Snr,2
pece,44.27763,-27.864965,pece,3
epenence,14.98405,-18.793211,epenence,3
"fe,",-21.844173,-28.849358,"fe,",4
prrl,-8.6236,-4.7853107,prrl,2
eclr,55.44954,-13.805278,eclr,2
exenble,-19.479998,-30.224138,exenble,4
effec,41.610428,-24.651188,effec,3
pw,14.180501,-41.079895,pw,3
"bjec,",53.90993,-24.5636,"bjec,",3
Swf,-44.198917,-35.300404,Swf,0
eng,9.577801,-42.009895,eng,3
gnl,47.931583,-27.876238,gnl,3
Sp,-45.039433,-15.430411,Sp,1
"Jv,",-6.76556,-32.26258,"Jv,",1
cceg,-4.507016,-22.689627,cceg,2
cpl,4.877674,-25.617,cpl,2
"func,",56.912785,-24.515293,"func,",3
Sc,2.1753652,-24.124426,Sc,2
Wh,16.045073,-16.48623,Wh,1
ecl,53.444645,-25.302172,ecl,3
Exp,-50.43018,-10.521131,Exp,1
"plf,",-43.266872,-29.168425,"plf,",1
quckl,-14.298976,-41.01243,quckl,4
Lrl,-24.189468,-29.421638,Lrl,4
plcen,-5.929763,-5.0291915,plcen,2
rnc,28.919016,-20.68276,rnc,3
cluer,-6.7654357,-41.00919,cluer,1
pler,13.584186,-10.120479,pler,4
hvg,39.03312,-31.255598,hvg,3
CMS,-23.745647,-27.947285,CMS,4
wkflw,-7.7321906,-41.734272,wkflw,1
cfue,15.6203,-28.640087,cfue,0
perl,7.438663,-46.6497,perl,3
Prgrg,-34.045044,-15.626226,Prgrg,1
lkg,50.576878,-3.6556518,lkg,0
cunce,5.71218,-44.30646,cunce,3
elecrc,11.585939,-46.128574,elecrc,3
Unx,4.5202904,-50.266113,Unx,3
encg,48.657097,-12.677979,encg,3
pz,51.973015,-13.409836,pz,2
prgrr,26.087543,-30.057133,prgrr,3
"Ph,",-6.8345737,-32.281967,"Ph,",2
PgSQL,-60.608025,-7.9088354,PgSQL,1
Acce,-53.636204,-14.919814,Acce,1
"el,",25.271507,-19.774014,"el,",3
rgh,49.695534,-30.309536,rgh,3
effcen,51.896458,-11.579193,effcen,3
chg,52.45229,-23.812483,chg,3
Cpen,-40.24013,-19.567547,Cpen,1
gge,17.31316,-31.00403,gge,0
bcken,-19.022661,-24.119078,bcken,4
clble,-11.095238,-40.316364,clble,1
unque,49.189022,-27.817015,unque,3
eger,56.94206,-25.174278,eger,3
Objec-C,-44.184906,-35.37472,Objec-C,4
epenenc,-16.690592,-24.881758,epenenc,4
OpenGL,-35.38321,-19.638817,OpenGL,2
vr,49.523045,-15.393809,vr,3
SAP,-55.709557,-14.702733,SAP,1
Brp,-13.951387,-27.595387,Brp,4
"evce,",9.580879,-47.222694,"evce,",3
hun,45.571445,-23.658838,hun,3
jb,3.4979682,-37.15494,jb,2
we,24.54526,-23.221964,we,3
Gr,-45.093956,-16.909647,Gr,1
newkg,0.47218075,-42.70106,newkg,1
Au,-46.4783,-21.48928,Au,1
Vrul,-46.672638,-26.764997,Vrul,1
Cen,-56.66207,-15.456551,Cen,1
Generl,-32.05863,-36.33981,Generl,0
Bc,-54.871967,-7.432594,Bc,1
enc,54.862995,-13.346683,enc,3
"en,",47.933773,-29.979214,"en,",3
nurl,54.76024,-13.1364355,nurl,3
"ervce,",-6.5557613,-43.49695,"ervce,",1
lhp,42.805965,-26.493313,lhp,3
"exple,",48.797756,-22.212786,"exple,",3
kernel,4.5757885,-50.214344,kernel,3
ccun,12.822611,-41.424633,ccun,3
ccerng,15.215792,-31.256079,ccerng,0
bunle,-23.697266,-23.63844,bunle,4
Cp,-52.063572,-11.902883,Cp,1
qun,51.390553,-17.668179,qun,3
Delper,-56.010754,-18.815828,Delper,1
cpbl,37.061684,-10.418003,cpbl,3
generg,26.863297,-36.883385,generg,4
WP,-21.202507,-22.129591,WP,4
CPU,50.184044,-17.270443,CPU,3
glbl,29.602089,-19.511524,glbl,3
"ple,",-18.409163,-30.324966,"ple,",4
peple,13.086226,-39.848637,peple,3
cfgu,16.773172,-39.779243,cfgu,3
nex,7.5160446,-27.6168,nex,2
execuble,37.135822,-16.996185,execuble,3
ebl,0.46429363,-28.936512,ebl,2
gnz,-8.259551,-44.072433,gnz,1
phcl,8.726818,-47.13334,phcl,3
Un,-39.416782,-17.97281,Un,1
Exen,-41.56657,-19.890194,Exen,1
ub,44.527313,-11.211942,ub,3
Dr,-42.442196,-14.313284,Dr,1
exernl,31.55218,-29.905033,exernl,3
ORM,-25.94284,-18.750078,ORM,4
nle,-23.62377,-23.845247,nle,4
lce,46.47992,-26.988773,lce,3
ernl,7.8709583,0.57809293,ernl,2
cpr,52.69861,-23.346064,cpr,3
kew,56.379036,-22.44522,kew,3
lggg,-11.043014,-21.803768,lggg,4
neee,34.50042,-28.364561,neee,3
Cer,-28.697802,4.721632,Cer,1
rnfer,8.217172,-44.03806,rnfer,3
"Anr,",-49.37371,-30.478222,"Anr,",1
Clen,-43.926792,-19.903141,Clen,1
wul,42.03272,-28.850866,wul,3
Grph,-46.583103,-19.076878,Grph,1
hrg,6.905329,-40.40726,hrg,3
fcue,-21.693148,-26.312578,fcue,4
Sf,-24.323915,-29.38025,Sf,4
nlze,28.149502,-19.739225,nlze,3
ebuggg,-25.40068,-0.4578321,ebuggg,0
fcu,18.659267,-15.841792,fcu,4
Flh,-21.97571,-18.239254,Flh,4
cnece,9.301259,-46.97093,cnece,3
Lu,-2.6369116,-30.81388,Lu,2
enblg,-11.980604,-34.92821,enblg,4
"ble,",30.438906,-22.306765,"ble,",3
ucce,-35.413784,-38.019756,ucce,1
Twer,-16.974007,-22.49997,Twer,4
"""T",-26.11821,-51.209698,"""T",2
cck,39.618683,-24.671835,cck,3
cuze,10.524442,-20.303766,cuze,4
rce,46.326622,-26.169914,rce,3
gne,49.292793,-26.869932,gne,3
"cr,",50.183163,-27.033968,"cr,",3
Refer,23.9978,5.971596,Refer,3
pence,-14.946762,-12.791538,pence,2
hp,18.605724,-13.754218,hp,2
uce,31.633835,-21.131306,uce,3
plfe,-11.451571,-34.903713,plfe,4
wel,3.5844426,-28.310102,wel,2
"PHP,",-6.904992,-32.293655,"PHP,",1
prbbl,17.579079,-28.784264,prbbl,0
bk,3.1952136,-30.321243,bk,2
"eg,",24.90767,-2.645552,"eg,",2
Cnec,-53.598206,-17.516777,Cnec,1
eble,-7.760253,-19.623585,eble,4
npulg,26.969967,-37.070156,npulg,2
err-e,-18.63481,-27.306244,err-e,4
b-be,-15.461521,-39.735992,b-be,4
pprch,-9.929097,-15.653109,pprch,4
cv,14.6245575,-40.33101,cv,3
Cn,-37.81882,-6.9149704,Cn,1
levn,18.479673,-29.878841,levn,0
hgh-lel,-4.5235047,-24.823317,hgh-lel,2
"le,",32.03655,-26.318277,"le,",3
bug,21.973015,-26.261215,bug,0
Quer,-34.25806,-16.196417,Quer,1
nel,-31.528786,-32.69772,nel,1
"pp,",-16.103613,-41.77046,"pp,",1
Bue,-56.52797,-15.614619,Bue,1
One,-33.226124,-11.198619,One,2
clen-e,-16.05784,-27.07037,clen-e,4
brg,-18.964855,-25.693806,brg,4
Newk,-51.402782,-17.756289,Newk,1
nvg,35.59147,-26.206161,nvg,3
e),43.128056,-13.555828,e),3
"JvScrp,",-16.501205,-28.261944,"JvScrp,",4
bun,45.19325,-26.97428,bun,3
ru,20.484478,-20.175238,ru,4
"prgrg,",53.898632,-17.961103,"prgrg,",3
prpr,-52.027634,-11.73727,prpr,1
Hp,-10.589849,-38.6777,Hp,1
Cu,-44.359943,-17.322805,Cu,1
bx,35.84844,-26.279848,bx,3
RESTful,-52.536846,-22.768051,RESTful,4
Lp,-2.6965053,-31.941431,Lp,2
qul,-6.4270535,-17.439024,qul,1
ulr,-19.47828,-30.088905,ulr,4
pene,49.587036,-25.883245,pene,3
Ggle',-49.13507,-23.865326,Ggle',1
Ec,-2.2854376,-29.281216,Ec,2
Sr,-20.716177,-23.842937,Sr,1
keb,35.39945,-23.556938,keb,3
epce,13.265358,-27.89658,epce,0
plug-,-23.540956,-22.539577,plug-,4
cuu,-7.040355,-41.945774,cuu,1
Dcker,-9.74985,-42.8013,Dcker,1
vlvg,15.189186,-30.599625,vlvg,0
Exchnge,-31.29772,-49.020016,Exchnge,1
(e,42.63712,-13.878756,(e,3
Ffx,-43.241024,-24.075058,Ffx,4
uer',14.254815,-38.650597,uer',3
Plug,-21.477766,-21.80621,Plug,4
"per,",50.52911,-26.016426,"per,",3
Secur,-52.354607,-17.933676,Secur,1
enhnce,-11.920186,-18.055391,enhnce,4
pvu,8.434644,-29.537907,pvu,3
exchnge,8.728431,-42.877914,exchnge,3
"C++,",-2.7029083,-32.29731,"C++,",2
TpeScrp,11.75081,-28.776924,TpeScrp,0
Sple,-49.461727,-16.541468,Sple,1
"P,",-49.416176,-30.691137,"P,",1
ccg,48.00495,-26.005924,ccg,3
rck,13.719349,-39.92277,rck,3
"u,",26.439526,-14.453651,"u,",3
Vew,-35.301636,0.84869075,Vew,1
Tex,-37.561768,-12.678207,Tex,1
--,51.408867,-2.743482,--,2
clu-be,-10.781997,-43.244976,clu-be,1
gque,-26.138763,-51.218353,gque,2
"prjec,",-6.292716,-18.619858,"prjec,",4
"pr,",47.95056,-26.163628,"pr,",3
brnch,19.78097,-26.17155,brnch,0
Rep,-49.7792,-10.868657,Rep,1
WPF,-8.528822,-21.265684,WPF,4
neg,-34.52717,-11.513681,neg,1
rx,52.43951,-25.388386,rx,3
"ex,",48.791443,-25.60769,"ex,",3
efg,50.88981,-9.871653,efg,3
(),49.016357,-14.479126,(),3
"cun,",31.940773,-26.395914,"cun,",3
PS,-53.457394,-8.033831,PS,1
ege,44.69324,-25.584097,ege,3
Sh,-34.607887,1.7795978,Sh,1
ken,45.51425,-25.62392,ken,3
Degn,-30.637775,-24.883059,Degn,1
Bg,-46.59956,-18.86303,Bg,1
perfg,51.018852,-10.021947,perfg,2
Expler,-52.3626,-9.648063,Expler,1
vke,34.43013,-16.228996,vke,3
Cle,-46.078316,12.200941,Cle,1
hpe,44.406933,-22.44777,hpe,3
wl,25.81391,-18.288528,wl,3
Rece,-52.48448,-14.390797,Rece,1
unfe,-11.300886,-35.210415,unfe,4
pcke,7.842886,-44.070652,pcke,3
buffer,46.214092,-27.686634,buffer,3
MS,-55.1222,-8.621718,MS,1
rbrr,51.19645,-21.659176,rbrr,3
cjunc,16.208948,-29.264462,cjunc,0
f-pc,16.442337,-31.854317,f-pc,0
enf,41.92963,-17.902262,enf,3
"Ru,",-6.9397607,-32.303818,"Ru,",2
elr,-13.487453,-40.418224,elr,1
lper,-7.5420027,-23.957687,lper,4
Run,-39.620304,-16.017647,Run,1
JS,-15.251307,-27.047571,JS,4
ej,-15.4732485,-18.96308,ej,4
enu,43.877296,-27.527369,enu,3
Rel,-48.450714,-13.546026,Rel,1
"Lux,",-48.62451,-31.33308,"Lux,",1
"C,",-2.627756,-32.214508,"C,",2
"b,",29.293583,-24.399431,"b,",3
prcce,21.350235,-2.9698007,prcce,2
fce,29.4577,-15.510924,fce,3
jec,-13.11782,-20.465023,jec,4
unl,41.893852,-28.248276,unl,3
Le,-44.652386,-16.560741,Le,1
"k,",28.683626,-19.956184,"k,",3
Kurnee,-7.5645876,-41.69575,Kurnee,1
CL,-17.683182,-17.599478,CL,4
rfc,-7.828758,-16.526968,rfc,2
bckgrun,14.587205,-40.31525,bckgrun,3
Sprk,-27.980091,-21.098648,Sprk,1
erg,46.270954,-21.592867,erg,3
exrc,32.329506,-24.529812,exrc,3
vce,9.079216,-39.36604,vce,3
prceu,45.14291,-11.121483,prceu,3
hh,51.84366,-24.576103,hh,3
unle,18.223969,-27.75258,unle,0
Clju,-11.776319,-22.56921,Clju,4
Frn,-3.4226944,-33.288242,Frn,0
rle,24.057013,-17.686235,rle,3
JVM,-3.5543468,-27.277418,JVM,4
OAuh,-50.403206,-20.410076,OAuh,1
ccee,40.155987,-23.689491,ccee,3
nf,-52.13818,-13.864646,nf,1
Fr,-26.035057,-8.9526005,Fr,1
erper,-2.483561,-29.196964,erper,2
epec,49.18762,2.3665764,epec,2
Rele,-28.457466,4.36716,Rele,2
hgh-perfnce,-20.396019,-28.85492,hgh-perfnce,1
Swg,-13.359166,-22.059786,Swg,4
fh,27.014847,-17.411749,fh,3
ferg,-10.205491,-41.141426,ferg,1
negr,-55.495964,-14.668683,negr,1
"cle,",33.965336,-19.125557,"cle,",3
ur,26.615698,-19.867203,ur,3
Kl,-31.907185,-20.009958,Kl,4
chl,42.15213,-26.226093,chl,3
prx,1.5562466,-17.580095,prx,2
ppele,-14.0359745,-14.410551,ppele,4
Zen,-38.494217,-20.153753,Zen,4
Ler,-50.9524,-17.719652,Ler,1
"er,",45.35981,-20.74759,"er,",3
GHub,-45.82525,0.8163686,GHub,4
flg,48.146572,-19.81592,flg,3
"prgr,",37.32293,-16.879055,"prgr,",3
npce,-0.048649974,-23.783749,npce,2
Pge,-48.845997,-4.911058,Pge,1
ffence,40.823723,-21.193253,ffence,3
cchg,0.97801554,-16.0483,cchg,2
DB,-59.343643,-8.265597,DB,1
ercg,4.0947943,-18.036337,ercg,4
Prce,-52.137394,-13.381992,Prce,1
lew,-26.71046,-23.96519,lew,1
Bul,-20.214863,-22.94128,Bul,4
(f,35.769924,-5.7505274,(f,2
Ech,42.66389,-24.996574,Ech,3
Mege,-50.46362,-17.15754,Mege,1
fw,44.16193,14.247753,fw,2
np,12.600332,-17.307777,np,4
ubcl,32.439415,-35.176918,ubcl,3
ShP,-55.680435,-12.063281,ShP,1
Drl,9.264015,-18.059622,Drl,4
crpgrphc,46.061043,-1.3775663,crpgrphc,2
rnl,35.092915,1.135588,rnl,2
epr,46.08316,-27.01318,epr,3
cceble,12.730345,-36.770687,cceble,3
Dcun,-30.543148,-14.28091,Dcun,2
clenr,23.322615,-13.644439,clenr,3
rwg,34.1916,-35.01797,rwg,3
eul,-41.684696,-31.31464,eul,1
Scrp,-42.92118,-13.676911,Scrp,1
cOS,-47.573822,-30.635357,cOS,1
"brwer,",-18.382229,-35.789303,"brwer,",4
Bu,-48.908077,-14.841869,Bu,1
rke,8.04745,-1.8211285,rke,1
PC,-41.5192,-26.51724,PC,1
exene,21.054522,7.20969,exene,2
vble,40.88875,-25.547653,vble,3
gen,28.571175,-17.623571,gen,3
frl,-50.994087,-12.486405,frl,1
"ngen,",-8.05432,-42.752438,"ngen,",1
grr,55.084557,-14.340893,grr,2
queue,31.833467,-15.973199,queue,3
cence,52.850388,-17.287533,cence,3
ferrg,14.240481,-29.034203,ferrg,0
(k,-17.780094,-0.41149834,(k,2
lck,40.508957,-21.606329,lck,3
ARM,-32.28123,-32.012997,ARM,1
Lb,-47.094086,-15.197459,Lb,1
Ken,-13.32642,-25.465595,Ken,4
—,19.69193,-25.176786,—,0
gc,-4.0550246,-13.917214,gc,2
GPU,-24.88978,-6.650961,GPU,2
"cpen,",-8.468706,-19.515217,"cpen,",4
Anlc,-53.728436,-19.084105,Anlc,1
"pen-ce,",-20.2188,-29.507973,"pen-ce,",4
gng,44.024467,-19.071918,gng,3
lger,50.975834,-1.8259431,lger,0
Tpe,1.7628901,-24.470102,Tpe,2
enfer,46.973385,-14.863529,enfer,3
"lghgh,",-20.452694,-28.772469,"lghgh,",1
encrp,8.994805,-43.047897,encrp,3
cgn,0.45192415,-11.022013,cgn,2
"pl,",30.726969,-21.925346,"pl,",3
Mz,-42.96266,-23.667858,Mz,1
phc,36.450695,-2.1840189,phc,2
Prlg,-0.5437197,-30.382061,Prlg,2
clck,36.709194,-24.410023,clck,3
puh,-3.0222924,-43.381374,puh,1
hu,43.949486,-26.821264,hu,3
neurl,6.578878,-20.350054,neurl,2
hk,13.157671,-15.567588,hk,4
SVG,26.06584,-35.074757,SVG,4
–,-3.7879927,-8.313954,–,2
CC++,-2.4255817,-27.443018,CC++,2
Lcene,-31.499285,-37.50841,Lcene,1
Teple,-29.007723,-15.476502,Teple,2
ful,44.139534,-14.615071,ful,3
erne,6.4150443,-41.86424,erne,1
ppl,41.81328,-18.932938,ppl,3
rckg,8.406054,-15.222219,rckg,2
"X,",-48.39165,-31.251251,"X,",1
"gr,",10.029145,-39.006805,"gr,",3
Mule,-42.938,-14.170716,Mule,1
"cen,",29.98998,-24.529863,"cen,",3
"ule,",18.796608,-18.648651,"ule,",2
evlue,49.86446,-20.844807,evlue,3
Merl,-30.600252,-24.910652,Merl,2
keep,27.802101,-16.323854,keep,3
"erfce,",23.29158,-20.927248,"erfce,",3
"nl,",39.236847,-17.322916,"nl,",2
clg,25.665264,-19.12657,clg,3
SO,3.6160023,-30.722101,SO,0
flu,45.091972,-25.027578,flu,3
We,-48.68506,-3.9530523,We,1
lef,49.29226,-30.126991,lef,3
"cn,",41.614803,-18.914154,"cn,",3
ence,46.90543,-14.149222,ence,3
F#,-3.0510714,-28.214283,F#,2
Sge,-52.933464,-16.986805,Sge,1
uh,28.273586,-12.62235,uh,3
elece,40.788967,-25.362425,elece,3
lgcl,46.90358,-22.454441,lgcl,3
lrger,42.77908,-24.915062,lrger,3
"rucu,",47.8471,-21.00275,"rucu,",3
Y,-20.77825,-20.049349,Y,4
bch,-1.0459607,-13.1954775,bch,2
rgee,-46.447266,4.1732674,rgee,1
Slr,-39.740047,-11.144223,Slr,1
Tble,-32.922447,-5.7120566,Tble,1
echncl,45.550144,11.373583,echncl,0
necer,35.254597,-18.586662,necer,3
"rg,",46.80285,-17.326809,"rg,",3
Serch,-46.787857,-17.73683,Serch,1
bguu,16.92929,-28.563015,bguu,0
cene,36.86649,-4.0106244,cene,2
"feu,",-27.83264,0.6468171,"feu,",2
publhg,-23.615904,-26.817293,publhg,1
pbl,41.220745,-10.289344,pbl,3
rcl,43.383675,-22.074924,rcl,3
AJAX,-15.95744,-21.500505,AJAX,4
"perfnce,",-4.6828628,-15.103293,"perfnce,",2
"prceg,",39.182182,-17.38212,"prceg,",3
’,-10.671871,-11.958885,’,2
effcenl,35.45735,-19.808435,effcenl,3
NSQL,-28.4842,-19.550837,NSQL,1
fwg,45.017895,0.5483357,fwg,2
EE,-50.783886,-0.090046234,EE,1
wrp,-6.8656125,-23.276205,wrp,2
Cpler,-3.8336847,-33.24364,Cpler,2
cule,31.509796,-2.877669,cule,3
cuzble,-13.818185,-24.61876,cuzble,4
Unce,48.2897,-12.500518,Unce,2
Pckge,-23.553637,-9.354935,Pckge,1
rffc,7.0769773,-42.348263,rffc,3
nurcl,50.890316,-13.266306,nurcl,3
cener,7.09138,-41.15911,cener,1
execug,44.931965,-10.363294,execug,3
CRM,-55.49498,-12.992062,CRM,1
cpue,46.000786,-17.05591,cpue,3
flee,15.385904,-40.21652,flee,3
wnl,-0.5342461,-2.4444866,wnl,1
MATLAB,-2.0150173,-28.411938,MATLAB,2
rue,30.013552,-18.943413,rue,3
"lg,",31.102163,-24.620417,"lg,",3
cfgurg,1.8619598,14.050122,cfgurg,0
hbr,-14.8762045,-40.289207,hbr,4
ecrbg,54.05022,-12.566551,ecrbg,3
evlu,50.04184,-13.807918,evlu,2
Ug,16.106527,-16.348955,Ug,2
gnze,25.123457,-18.932077,gnze,3
cnecg,-34.541,-22.77374,cnecg,1
"uer,",9.456481,-39.08024,"uer,",1
elee,51.716892,-4.456002,elee,3
ccurn,47.478645,4.2528176,ccurn,2
ccle,28.517508,-14.896053,ccle,3
J,-24.50925,-17.345392,J,2
"SDK,",-47.680958,-28.684307,"SDK,",1
cnen,28.561556,-30.933456,cnen,2
Blueh,5.7431655,-45.243343,Blueh,1
COM,-0.57415843,-23.917442,COM,2
SQLe,-29.252956,-18.434347,SQLe,1
De,-20.539373,-4.762078,De,2
Fbe,-49.42714,-23.93067,Fbe,1
leg,26.24074,-18.952232,leg,2
Ml,-49.72141,-15.583719,Ml,1
Ve,-42.872097,-2.1938834,Ve,1
Grv,-13.844433,-21.662207,Grv,4
publ,-27.38282,-9.437299,publ,2
Sle,-27.57128,-7.204545,Sle,2
ebug,-23.02026,-25.1664,ebug,4
Ser,-30.740849,-47.044136,Ser,0
en',51.80392,-4.3428493,en',0
Specfc,-35.080555,-14.592604,Specfc,1
Prceg,-35.112682,-14.6479025,Prceg,1
fr-en,-15.983231,-25.888933,fr-en,4
Cunc,-51.0369,-15.267535,Cunc,1
"CSS,",-16.192202,-28.033785,"CSS,",4
"clen,",-0.34479415,-16.491056,"clen,",4
"C#,",-2.4876165,-31.621288,"C#,",2
equl,50.811623,-25.010084,equl,3
cenrl,23.916227,-17.654547,cenrl,3
erlz,2.3587065,-21.89734,erlz,2
hgr,37.276237,-10.531346,hgr,3
"gener,",16.972736,-28.121603,"gener,",0
"crl,",11.790501,-20.7349,"crl,",2
Ar,-44.48043,-4.253769,Ar,1
Publc,-31.645296,-37.513344,Publc,0
cenl,8.974531,-37.37632,cenl,3
"vlue,",50.574646,-25.147728,"vlue,",3
lengh,50.889626,-25.306467,lengh,3
nlzg,36.03901,-0.47461975,nlzg,2
cpleel,7.165377,-26.866564,cpleel,2
Pg,-29.112703,-10.221543,Pg,2
prcple,46.238323,6.4173045,prcple,2
Cec,-30.89613,-11.949839,Cec,2
rrchcl,31.589512,-12.886699,rrchcl,3
unce,9.402941,-37.47643,unce,3
hnler,33.3669,-15.797124,hnler,3
eep,6.5253315,-21.24747,eep,2
e--ue,-15.910184,-24.011229,e--ue,4
Buler,-39.140015,-18.797684,Buler,1
blg,21.55628,-15.54067,blg,2
"NET,",-39.50909,-16.312307,"NET,",1
ebugger,-25.597164,0.00070658745,ebugger,1
hr-pr,-16.973576,-14.727394,hr-pr,4
peech,0.5900955,-10.550011,peech,2
Or,43.834614,13.127234,Or,2
Sue,-48.60432,-11.927373,Sue,1
(lke,44.228157,11.075607,(lke,2
Br,-31.836216,-6.4769807,Br,2
Lerng,-46.599808,-27.54584,Lerng,1
lec,-0.7132399,-30.807804,lec,2
"elpn,",-22.602806,-25.746761,"elpn,",1
"pckge,",12.365917,-17.754826,"pckge,",2
leer,43.05901,-20.51905,leer,3
"enge,",-12.051102,-14.532667,"enge,",2
BSD,-40.476303,6.548729,BSD,1
GWT,-16.996626,-23.046553,GWT,4
Archecu,-50.54007,-13.202888,Archecu,1
crc,1.5202271,0.37249961,crc,2
"ul,",49.131966,2.2696,"ul,",3
expl,47.271027,4.5757117,expl,2
encpule,33.678776,-18.136465,encpule,3
rgeg,-40.94723,-12.659702,rgeg,1
bu,6.7870274,-43.302002,bu,1
fn,-17.5811,-18.015451,fn,4
ulze,-18.543142,-22.199116,ulze,4
"vrble,",48.961327,-20.506178,"vrble,",3
equvlen,46.60602,-9.885925,equvlen,3
fxe,42.152557,-22.003826,fxe,3
uhz,0.98493695,-41.581116,uhz,1
generl-purpe,-1.2082728,-27.44304,generl-purpe,2
Tr,-42.718105,-7.6697564,Tr,1
Cpuer,-35.081486,-11.270932,Cpuer,1
ppernce,36.253666,-22.114334,ppernce,3
Tk,-22.355885,-14.840626,Tk,1
Ree,-50.711033,-15.576377,Ree,1
ES,-30.0029,-7.812775,ES,2
RFC,-23.132904,-5.2729125,RFC,2
Repen,29.341112,-11.595284,Repen,2
On,-31.253044,3.6507795,On,2
"Serr,",-59.043884,-9.196003,"Serr,",1
"Se,",-46.24805,-12.991543,"Se,",1
urne,44.826458,-10.717678,urne,3
nner,33.899277,-18.627794,nner,3
Mrk,-33.713757,-15.033362,Mrk,2
"pruc,",-36.262417,-26.291594,"pruc,",1
chnnel,7.199148,-41.53671,chnnel,1
ECMAScrp,10.895426,-28.79224,ECMAScrp,0
crcr,-32.80139,-31.179514,crcr,1
nhg,26.892628,2.805348,nhg,2
"pge,",29.930347,-24.925627,"pge,",3
rf,31.12231,1.5523864,rf,3
Fe,-39.565517,-11.244573,Fe,1
"lbr,",-11.506444,-3.3737085,"lbr,",2
Func,-34.143166,-5.1848326,Func,1
e-crce,-23.24183,-27.028885,e-crce,1
furr,35.00815,-11.91499,furr,3
DSL,-24.807627,-15.361728,DSL,2
JSF,-15.30173,-20.344492,JSF,4
Ke,-39.0305,-0.85791653,Ke,1
USB,5.9636106,-45.404305,USB,1
lw-lel,-4.560869,-24.537313,lw-lel,2
cge,6.854628,-25.049608,cge,2
"),",8.832188,-13.222994,"),",2
rrch,38.83194,-21.868425,rrch,3
chngg,44.01199,-17.075756,chngg,3
Cv,-19.151297,-24.329205,Cv,4
"cg,",18.43877,-5.279876,"cg,",2
Mgen,-32.4916,-35.491516,Mgen,0
Erlng,-10.580528,-5.6525674,Erlng,2
"newk,",7.2212286,-43.51909,"newk,",2
nrze,-28.937984,-1.8773264,nrze,2
egrg,-17.179169,-15.227192,egrg,4
(w,-45.106873,-12.113649,(w,1
equ,45.128277,-13.771655,equ,3
"egn,",45.5126,4.6517496,"egn,",2
-p,-9.159703,-43.025604,-p,1
ggg,6.7950535,17.716497,ggg,0
wch,35.804134,-23.404337,wch,3
Sece,-55.48064,-13.403488,Sece,1
urfce,42.83462,-23.331596,urfce,3
Envrn,-39.658848,-16.158386,Envrn,1
peclze,1.8502258,-8.778204,peclze,2
culg,5.69127,-11.553839,culg,2
Flex,-21.35508,-17.509214,Flex,1
cenfc,5.891463,-21.491743,cenfc,2
Je,-25.309761,-17.189245,Je,2
Oper,-39.51061,-7.724848,Oper,1
Onl,17.70096,-27.362947,Onl,0
Srg,43.31127,-3.1009715,Srg,2
Prr,-50.84087,-14.7326975,Prr,1
(clug,8.26746,-6.6221943,(clug,2
Cnr,-28.028965,-20.39847,Cnr,1
lgebr,51.37324,-13.071369,lgebr,2
ulg,43.972008,-17.923227,ulg,3
fuu,50.043217,-2.067905,fuu,3
ckg,-11.29395,-21.768791,ckg,4
"lgh,",50.95651,-13.220759,"lgh,",3
"generl,",15.818948,-27.61981,"generl,",0
cerfce,-42.64874,0.6167936,cerfce,1
Aunc,-50.059666,-19.26695,Aunc,1
Fer,22.547138,9.562359,Fer,2
pvul,-34.135445,-28.11781,pvul,1
rgge,37.007557,-24.043814,rgge,3
een,39.11429,-6.3244767,een,2
"
",44.261864,-1.6677073,"
",2
clcul,45.707954,-14.972308,clcul,3
prn,3.0434551,0.2657567,prn,2
fncl,7.252402,-11.504148,fncl,2
Lnguge),-33.690357,-15.265033,Lnguge),2
enl,-10.348749,-5.5979037,enl,2
RDF,2.4902759,-22.962519,RDF,2
"v,",1.5129693,-4.2992992,"v,",2
"elen,",37.318035,-26.174734,"elen,",3
lz,48.675697,-10.502448,lz,2
prl,45.59317,-16.891373,prl,3
gnu,41.0766,-14.563075,gnu,3
h),0.9142645,-3.6622975,h),2
pxel,43.27826,-23.897179,pxel,3
n',18.702559,-27.06723,n',0
"bul,",-14.10262,-40.452927,"bul,",1
SP,-48.866154,-8.397928,SP,1
ke-vlue,20.805489,0.35197124,ke-vlue,2
Pn,-47.602013,-17.02366,Pn,1
rb,49.126633,2.348417,rb,2
lb,1.0830594,-24.537056,lb,2
"clble,",-10.174844,-39.105503,"clble,",1
LNQ,-30.893707,-15.927506,LNQ,2
bbv,15.892105,9.852831,bbv,2
JvFX,-13.724637,-21.88887,JvFX,4
Hrne,-25.658432,-18.129694,Hrne,2
pcl,36.580143,-2.294717,pcl,2
rgger,43.53141,-11.824062,rgger,3
epen,36.73388,-12.139375,epen,3
fk,-11.904583,-6.948725,fk,2
Sn,-43.116474,-9.536185,Sn,1
Err,43.766243,-12.115606,Err,2
"nur,",50.224236,-25.470572,"nur,",3
Ch,-48.444134,-19.939295,Ch,1
Selenu,-17.492842,-18.623215,Selenu,4
vle,34.630947,-13.865026,vle,2
egence,-6.5229907,-38.91761,egence,1
chce,25.4502,1.327016,chce,3
wle,6.4745383,-44.95619,wle,1
zer,43.842552,-16.125618,zer,3
epeng,44.205032,-19.58253,epeng,3
querg,-24.528723,-14.461105,querg,2
TV,-43.778103,-28.469383,TV,1
lvg,46.179585,3.3738317,lvg,2
NeJS,-15.90671,-18.856604,NeJS,4
Slrlgh,-46.469833,13.833727,Slrlgh,1
"envrn,",-8.720435,-4.4324217,"envrn,",2
expg,1.4618946,-25.05243,expg,2
Meh,47.18003,7.7229514,Meh,2
lerge,-19.285118,-25.659807,lerge,4
cckg,42.707867,-10.620836,cckg,3
Devce,-46.920883,-22.728935,Devce,1
lble,-9.564149,-37.67459,lble,1
rnp,0.16846728,-43.5183,rnp,1
pecfg,45.963024,-19.651014,pecfg,3
expece,46.118816,-19.443298,expece,3
brge,-20.356726,-9.873009,brge,4
hugh,48.33563,-2.2654772,hugh,3
plcg,38.395836,-20.9605,plcg,3
erv,41.216473,-8.956115,erv,2
engeerg,45.705734,4.4833794,engeerg,2
(uu,38.895565,-11.574401,(uu,3
gegrphc,33.101345,-10.648733,gegrphc,2
legc,-32.06577,3.9935622,legc,1
enfe,42.408928,-16.501741,enfe,3
Ubunu,-33.23362,-32.463352,Ubunu,0
"nr,",1.8705624,-29.634663,"nr,",2
CkePHP,15.274523,-26.65301,CkePHP,0
"XML,",-9.235525,-2.604086,"XML,",2
Elcerch,-0.87294346,14.365375,Elcerch,2
QUESTONS,-29.988686,-49.173927,QUESTONS,0
frgn,40.195923,-15.526447,frgn,3
rnle,41.62506,1.1265025,rnle,2
Pc,-34.314552,-7.839378,Pc,1
cplg,6.370748,-25.469225,cplg,2
Anl,-35.758728,-13.046017,Anl,1
June,-35.481438,-38.040993,June,1
GrphQL,-16.278004,-18.00723,GrphQL,4
"lee,",-36.92906,-37.84453,"lee,",0
"pu,",36.89754,-14.827631,"pu,",3
Fu,-40.643616,-6.351595,Fu,1
nerc,-35.75664,-12.005146,nerc,1
enr,25.890041,-12.487599,enr,3
cug,19.459879,17.401064,cug,2
ber,40.793865,-23.507154,ber,3
WebScke,0.4854694,-18.344393,WebScke,4
cne,23.529709,6.2819543,cne,2
cbck,33.845985,-15.800123,cbck,3
Flk,-19.514866,-16.035398,Flk,4
Avnce,-36.712227,-13.130671,Avnce,1
WYSWYG,-14.150313,-24.66821,WYSWYG,4
Grphc,-29.367943,-8.327718,Grphc,2
WC,-23.608799,-3.0531907,WC,2
pplg,45.035076,-18.71358,pplg,3
New,-42.765812,-11.132568,New,1
JSR,-50.470448,1.2390138,JSR,2
clcule,45.207066,-17.413359,clcule,3
jng,8.773318,-17.900122,jng,4
Sung,-43.99794,-28.06017,Sung,1
lfeccle,8.990361,-15.840397,lfeccle,4
vnge,-4.0685854,-11.333007,vnge,2
D',17.195501,-27.16121,D',0
ORA-:,43.729855,-12.129103,ORA-:,3
"S,",7.4849367,-4.4465094,"S,",2
Pler,-43.816574,-1.7679628,Pler,1
Dekp,-52.286118,-9.140812,Dekp,1
Trnfer,-51.057114,-17.242153,Trnfer,1
nernl,-32.974667,-10.861245,nernl,2
JeBr,-48.24827,5.443599,JeBr,1
kwlege,42.872448,6.5950365,kwlege,2
c),41.225327,-12.392324,c),3
prp,22.968605,-12.487199,prp,3
fquenl,41.57089,-16.852285,fquenl,3
z,27.492329,-9.154708,z,2
prucv,-48.215244,6.2106433,prucv,1
cbg,32.863605,-11.76764,cbg,2
exl,-4.2782626,-9.14696,exl,2
Dgl,-46.771534,-12.25747,Dgl,1
Vl,-13.721369,-16.276838,Vl,2
exe,41.151043,-14.79123,exe,3
ce),46.543533,-12.664477,ce),3
rkeg,-8.349038,-42.23254,rkeg,1
nurc,48.804005,-20.259272,nurc,3
erpe,0.9598224,-27.550293,erpe,2
Unfe,-49.67953,-12.853923,Unfe,1
rhc,49.45342,-14.298011,rhc,3
"Servce,",-53.1757,-17.026678,"Servce,",1
Jul,-35.307877,-36.90791,Jul,0
nchrz,5.401166,-10.7264805,nchrz,2
"crp,",29.79339,-9.989298,"crp,",3
SOAP,-27.071041,-23.526642,SOAP,1
Unrl,-44.633343,-14.874006,Unrl,1
VBA,3.5327716,19.727428,VBA,0
kw,11.207734,-1.3309541,kw,2
"exen,",-14.853657,10.17912,"exen,",2
"pg,",24.43611,-2.439612,"pg,",2
publh,-4.3354306,-19.169355,publh,1
explcl,44.936176,-19.928692,explcl,3
Subr,-1.4720871,-1.9924963,Subr,1
blckch,-40.813858,-8.486335,blckch,1
UNX,-35.184685,-30.360237,UNX,2
brce,38.510315,1.3798292,brce,2
POSX,40.468178,-11.345013,POSX,3
prle,9.137942,-37.61537,prle,2
Rch,-41.707874,-16.045328,Rch,1
egng,-23.524412,-0.7163585,egng,1
Sru,-20.292198,-20.86791,Sru,4
Tc,-49.01086,-0.49417788,Tc,1
JB,-50.128063,-11.976696,JB,1
Lke,-47.219894,-7.519785,Lke,1
egner,-8.78712,-17.029404,egner,1
SE,-50.368446,-0.09874674,SE,1
erp,44.00854,-8.229567,erp,3
Mer,-36.540268,-0.3828433,Mer,1
(ce,45.910435,0.11759441,(ce,2
Gener,-26.483824,-3.9180787,Gener,2
Ee,-36.636982,-13.600393,Ee,1
Elc,-52.46303,-16.89142,Elc,1
che,25.283873,-11.918927,che,3
%,-4.9572663,-7.7397237,%,2
Oc,-35.898556,-36.932262,Oc,1
JDBC,-28.649149,-18.0431,JDBC,2
Gl,-16.987402,-15.116158,Gl,1
Teg,-39.06554,-17.858921,Teg,1
buler,-19.559,-15.438331,buler,4
ccern,26.99994,24.266695,ccern,0
wkl,-8.901904,-39.326077,wkl,1
Jenk,12.045946,-14.614895,Jenk,2
pnel,23.306482,-13.328933,pnel,3
"ler,",-13.467875,-5.608183,"ler,",2
"exp,",46.467545,-8.691444,"exp,",2
"pern,",47.63415,6.8434873,"pern,",2
gew,0.1101714,-40.992985,gew,1
rbu,-18.304382,-24.168182,rbu,4
"pc,",42.73944,-16.628332,"pc,",3
len,35.07786,-9.45491,len,3
Grle,-22.460976,-21.4697,Grle,4
"plug,",13.6602955,-14.874827,"plug,",4
"prce,",28.069153,-18.48801,"prce,",3
fee,-8.434933,-11.658555,fee,2
Ge,-14.738212,-2.8056102,Ge,2
ngulr,-2.6108832,-4.86658,ngulr,4
Spe,-21.355183,-11.7428,Spe,1
eff,-8.890053,-16.189068,eff,2
Sg,-39.466934,-5.871876,Sg,1
MT,-40.4175,6.6083345,MT,1
Jv-be,-21.314045,-27.382412,Jv-be,1
flerg,23.92626,-6.33345,flerg,2
DevOp,-54.216156,-3.3861337,DevOp,1
vlu,6.5948343,-10.444801,vlu,2
cpul,46.228775,3.9502764,cpul,2
bp,37.165756,-4.550505,bp,2
Oulk,-52.420612,-8.005058,Oulk,1
p),29.6249,-3.638267,p),2
Drr,-51.617798,-7.7996573,Drr,1
Ajx,-16.033806,-21.618233,Ajx,4
Operg,-46.045555,-12.748519,Operg,1
hb,-15.446366,-23.707174,hb,4
Dj,-16.295519,-24.974764,Dj,4
Ap,-40.55126,-5.0149775,Ap,1
Nfc,-47.321392,-22.26629,Nfc,1
AcScrp,-11.878977,-20.136425,AcScrp,4
erchg,49.454006,-8.257636,erchg,2
Seper,-35.65282,-37.58824,Seper,0
VM,-38.618057,4.5851436,VM,1
"""""",41.984608,-18.855341,"""""",3
bpge,17.011887,-13.902667,bpge,2
"Frwk,",-38.760437,-19.175024,"Frwk,",1
Acv,11.238773,-11.208487,Acv,2
zg,23.248205,-7.1480026,zg,2
grle,27.665329,-16.108173,grle,3
(DE),-47.886665,4.6470475,(DE),1
XAML,-11.850748,13.087407,XAML,4
"plen,",-0.74383134,1.4141748,"plen,",2
OSG,-20.387415,-26.159964,OSG,1
cpc,38.800976,-2.9393504,cpc,2
Wl,-48.695053,-4.0605507,Wl,1
chrg,-15.938386,-25.49841,chrg,4
ASC,47.37711,-12.561641,ASC,3
flexbl,-5.3734813,-13.099188,flexbl,2
Cener,-48.018288,-13.365988,Cener,1
(pvul,-43.372894,-11.202722,(pvul,1
lkel,18.345287,-26.902868,lkel,0
gnn,40.06803,-9.275868,gnn,2
geg,33.84233,-11.639658,geg,3
ener,36.231068,-23.71667,ener,3
pplcble,3.8167086,11.796052,pplcble,0
Se),-38.1513,-8.0578575,Se),1
Unx-lke,4.517477,-50.16413,Unx-lke,3
prucg,36.90044,-1.2385848,prucg,2
Cfgur,-47.476177,-8.881339,Cfgur,1
urng,38.19836,-13.511158,urng,3
OFF-TOPC,-30.055178,-49.113884,OFF-TOPC,0
lfe,33.207466,4.100701,lfe,3
enp,-48.50768,-19.893917,enp,1
Mg,-32.457806,-5.6750183,Mg,1
bulr,31.74922,-12.814067,bulr,3
Mrch,-36.015175,-37.534576,Mrch,0
SSH,3.127313,-15.661882,SSH,2
[],15.422118,-25.270071,[],0
chln,41.622253,-22.448692,chln,3
Sun,-44.395477,-11.23568,Sun,1
Lg,-31.586042,4.1396327,Lg,1
qurg,18.274649,-15.376465,qurg,2
DNS,-42.143066,2.1223817,DNS,1
Ter,-42.35899,9.06961,Ter,1
(prunce,-24.40944,-11.658617,(prunce,2
pplc',28.918283,-8.577977,pplc',2
rncl,-8.658099,-38.149464,rncl,1
en-rn,-24.418644,-11.607031,en-rn,1
quck,14.521134,-9.394778,quck,2
"prg,",3.165642,-21.451256,"prg,",2
pch,40.66341,-11.604202,pch,3
"lk,",17.116766,-8.978037,"lk,",2
fle),16.77743,-20.100395,fle),3
gue,21.245062,3.643883,gue,2
Cun,-49.344215,-0.3328125,Cun,1
lh,21.233152,-14.593014,lh,2
lunch,10.2624035,-11.344447,lunch,1
cenr,21.314005,-3.5050945,cenr,2
nlzer,6.319009,-25.31722,nlzer,2
TYPO,-16.826857,-9.463604,TYPO,2
Repg,-50.280613,-14.360884,Repg,1
gurnee,44.656616,-16.622496,gurnee,3
Pble,-26.793354,-3.1951344,Pble,2
excl,41.083225,-23.36694,excl,3
UK,-43.930458,-33.56784,UK,4
cfgurble,-5.6428137,-14.664272,cfgurble,1
"Su,",-48.45745,5.8492265,"Su,",1
pluggble,8.562345,-17.97132,pluggble,4
Mch,-42.302784,-29.999786,Mch,1
blen,45.764038,-19.387804,blen,3
exrcg,49.84571,-8.294681,exrcg,2
Tpc,25.254225,-4.084115,Tpc,2
"prcl,",2.938355,-14.229357,"prcl,",2
ggge,39.05658,-13.767707,ggge,3
plbck,10.155336,-9.531152,plbck,2
cevg,26.876451,-5.343145,cevg,3
"nc,",-5.7736382,-9.449269,"nc,",2
Mr,-16.843575,-0.0660262,Mr,2
exeng,-15.602506,-16.44287,exeng,2
xu,44.763203,-15.964684,xu,3
Mee,-15.057846,-8.7500105,Mee,4
enfc,33.290806,-8.751886,enfc,2
"ec,",33.10545,-4.4468946,"ec,",2
Aprl,-35.78254,-37.189053,Aprl,0
"rr,",41.652054,-12.680282,"rr,",3
"vl,",23.751131,-2.0734982,"vl,",2
"ne,",18.153393,-24.829632,"ne,",0
ccele,-0.23418058,-11.386587,ccele,2
ClFu,-16.996965,-12.678195,ClFu,2
rfcl,2.176788,-10.585454,rfcl,2
unf,32.137314,-18.289297,unf,3
hen,40.878956,-23.758286,hen,3
vu,14.0997925,-9.519998,vu,2
fcg,-47.97541,6.8146996,fcg,2
flec,-1.7670277,-22.759117,flec,2
YuTu,-48.081036,-20.001131,YuTu,1
Mrkwn,-8.242375,-0.978576,Mrkwn,2
"H,",29.422478,-1.575829,"H,",2
Fluer,15.464197,-26.939264,Fluer,0
"funcl,",-28.432749,-5.060421,"funcl,",2
ncc,46.47707,-8.005978,ncc,3
eph,-2.7485702,0.50106823,eph,2
Kfk,-28.015661,-20.467405,Kfk,1
exr,22.043192,-7.806573,exr,2
CSV,15.842753,-20.739964,CSV,2
nclue,0.55252725,14.879391,nclue,2
bxe,30.810816,-24.573547,bxe,3
Megg,-47.520954,-21.610035,Megg,1
cune,33.5144,-0.1729442,cune,2
feel,16.605614,-13.956801,feel,4
plnng,-45.76758,-5.3960176,plnng,1
(whch,44.426147,-0.73350835,(whch,2
Augu,-35.882313,-37.15568,Augu,0
"cence,",52.40627,-16.938574,"cence,",3
cprg,33.9229,-11.758724,cprg,2
unrl,33.285923,-0.2864781,unrl,2
buee,-8.371953,-41.98616,buee,1
WebSp,-52.115036,-13.375451,WebSp,1
"Nej,",-27.465551,-14.594538,"Nej,",1
Sen,-6.5089045,-8.145661,Sen,2
Tuch,-43.23583,-31.238619,Tuch,1
penl,26.098139,6.050108,penl,2
bb,34.351646,-2.3430529,bb,2
fech,33.000496,-14.525916,fech,2
Prg,-34.763077,-2.6946852,Prg,1
Sfr,-43.81898,-25.222271,Sfr,1
Vuej,-15.635009,-20.371593,Vuej,4
Pence,-49.945168,1.3462075,Pence,2
cuz,-11.01977,-13.424431,cuz,2
"MSQL,",-59.71763,-7.9691906,"MSQL,",1
pefe,34.613712,-13.75357,pefe,3
(wh,-8.383321,-7.2521443,(wh,2
"G,",-28.05296,-12.790967,"G,",2
cuncg,3.3443496,-17.08725,cuncg,2
rnfg,50.008465,-8.801863,rnfg,2
xl,16.316841,-20.259714,xl,2
UR,44.012512,-8.895673,UR,3
GCC,-4.212475,-33.21115,GCC,2
pfer,5.127306,18.880966,pfer,0
rpl,-17.904676,-23.840366,rpl,4
brn,-36.262,-26.432589,brn,1
VCL,-11.860037,13.256756,VCL,2
"ck,",30.682503,-5.5810556,"ck,",2
ulzg,-9.268108,-13.269985,ulzg,2
"cpug,",2.324469,-10.377718,"cpug,",2
WCF,-39.28574,2.0054822,WCF,1
elege,32.92187,-15.917262,elege,3
hppen,49.618538,-4.012166,hppen,0
hzl,38.604332,-20.973408,hzl,3
up,30.65346,14.265243,up,3
Perfnce,-44.63495,-9.861201,Perfnce,1
Pen,-51.915695,-8.042028,Pen,1
Unlke,35.971912,-13.552431,Unlke,2
Relee,-36.912556,-36.160465,Relee,1
nchrze,9.142108,-3.5871613,nchrze,2
cf,33.339413,2.1501937,cf,2
"pen,",26.719648,-17.69591,"pen,",2
ngh,-43.475033,-5.7853885,ngh,1
ehg,17.937471,-14.79809,ehg,2
"cer,",7.546596,-9.121682,"cer,",2
FOR,-28.89405,-48.31511,FOR,0
AX,-53.76026,-9.094157,AX,1
erperbl,-18.767824,-2.8124044,erperbl,2
"cpler,",-0.8370416,-29.496956,"cpler,",2
Rer,-5.1162553,15.171482,Rer,2
Pcl,-1.5230383,-30.845327,Pcl,2
"R,",-27.52275,-13.932895,"R,",2
"flexble,",-20.380333,-28.39626,"flexble,",1
gulp,15.027751,-13.244334,gulp,2
Sl,-20.30055,-14.471316,Sl,2
Reque,-22.65993,-5.2785163,Reque,2
cker,18.858202,-13.627786,cker,2
cqu,-35.22482,-26.641506,cqu,1
chrcerc,29.919493,-15.960706,chrcerc,3
en--en,-8.943123,-13.900564,en--en,1
ffenl,44.74271,-13.50492,ffenl,3
Depenenc,-36.799545,-17.083433,Depenenc,1
Ju,-1.789901,16.23207,Ju,2
cnv,25.446934,-34.41016,cnv,2
ubjec,45.323788,-6.5667944,ubjec,3
"F,",-45.927116,13.159128,"F,",1
pckgg,-22.357592,26.59393,pckgg,1
url,6.6539464,-8.982734,url,2
"x,",13.949397,12.879436,"x,",2
"hgh-perfnce,",-15.702886,-12.16059,"hgh-perfnce,",2
Avlble,-43.664272,-33.364864,Avlble,2
crvce,-20.098263,-25.486412,crvce,1
lunc,-37.69128,-32.301605,lunc,1
elecg,37.399014,-20.5035,elecg,3
peg,29.081495,3.5036244,peg,3
Grl,-19.03699,-21.16008,Grl,4
Xr,-40.718216,-14.254274,Xr,1
Aw,15.741387,-9.434986,Aw,2
"pble,",-10.520438,3.4232984,"pble,",2
lgh-gh,-17.677105,-12.193379,lgh-gh,1
RDBMS,-59.574684,-7.0520306,RDBMS,1
Techlge,-43.721985,-8.622063,Techlge,1
cenrlze,-0.5840319,-41.451046,cenrlze,1
cr-brwer,-13.938078,-23.64114,cr-brwer,4
Feu,-29.16445,-5.456302,Feu,2
ecg,42.36211,-4.671382,ecg,2
her,39.01161,-5.77984,her,2
ucg,27.32856,-14.188059,ucg,2
"unc,",-0.0828765,-41.76993,"unc,",1
flr,-12.138998,-17.629812,flr,4
elel,-11.074452,-17.125978,elel,4
funnl,18.433506,3.9119406,funnl,2
ggle,18.643549,-8.15639,ggle,2
nw,14.666485,-7.9682713,nw,2
geu,26.288065,-8.25795,geu,2
ffer,40.798824,-2.2451804,ffer,2
"Mc,",-42.85346,-29.446085,"Mc,",1
clc,20.727907,7.657116,clc,2
"run,",22.529675,-9.99413,"run,",2
prculrl,35.001297,0.3659387,prculrl,2
exc,51.19462,-2.4318678,exc,0
Whle,30.20946,18.745207,Whle,2
wp,20.8536,-11.657945,wp,3
lerl,45.88535,-8.929761,lerl,3
exul,-8.628509,2.3535073,exul,2
gvg,26.966915,-10.915168,gvg,3
eerg,44.17999,-17.12452,eerg,3
cpne,-2.9240918,-18.613373,cpne,1
El,-37.21403,-2.4337125,El,2
nrun,-41.657177,-11.652432,nrun,1
lbl,-5.624863,-16.062216,lbl,1
fu-feu,-21.591583,-13.407278,fu-feu,1
"elf,",3.423849,14.750034,"elf,",0
MP,-17.789915,4.0472336,MP,2
elrg,-5.6036296,-15.964823,elrg,1
Melg,-34.739826,-13.328539,Melg,1
Secu,-49.775166,-17.81872,Secu,1
xe,43.92554,7.8408046,xe,2
XP,-52.793,-8.960238,XP,1
enhncen,-28.101162,1.4839092,enhncen,2
Exple,30.488928,4.072005,Exple,2
Hgh,-46.19672,-9.867839,Hgh,1
"bl,",46.70809,-12.261426,"bl,",2
Per,19.268167,10.623664,Per,2
cler,48.62369,-2.4665701,cler,3
"nge,",-8.668734,-40.715336,"nge,",1
"(eg,",38.894726,4.2736225,"(eg,",3
plne,39.747337,-8.638292,plne,3
BlckBerr,-43.699814,-28.790878,BlckBerr,1
Del,-35.31063,-2.1548617,Del,1
TenFlw,-12.802035,0.02454126,TenFlw,2
gp,29.893332,0.03048092,gp,2
TCP,3.1356995,-14.877632,TCP,2
SMTP,1.0354611,-17.4936,SMTP,1
JUn,-14.606161,-14.11669,JUn,4
Fce,-36.516308,7.6793303,Fce,1
"cec,",29.239655,-7.7184424,"cec,",2
(Jv,-36.975048,-14.34833,(Jv,1
Unr,-35.917576,-11.260183,Unr,1
"fl,",16.233984,8.626144,"fl,",2
Pe,25.551216,12.446111,Pe,2
Hu,-51.71782,-4.0564265,Hu,1
OCl,-12.988125,7.125091,OCl,2
Lel,-30.640127,-7.397376,Lel,2
lux,10.931022,-5.1510434,lux,2
ervl,41.645485,-7.3353267,ervl,3
e',28.385994,4.8098235,e',2
``,45.582207,-4.553141,``,2
"eple,",31.071138,-10.869859,"eple,",2
vulze,32.89138,-6.547232,vulze,3
NuGe,-23.392426,-9.451708,NuGe,4
"ph,",32.170277,-6.966821,"ph,",3
"elec,",31.525248,-24.668303,"elec,",3
l),15.679155,10.433091,l),2
crpgrph,44.806683,0.5918212,crpgrph,2
ervg,-3.5248864,-11.9553995,ervg,2
Prx,-40.096233,-4.578458,Prx,1
lch,-24.457975,1.0138154,lch,2
nel®,-37.06679,-10.778911,nel®,1
eenl,-8.418713,-9.457474,eenl,2
cnecv,-34.489876,-22.81754,cnecv,1
vrulz,-40.07034,-30.64562,vrulz,1
lze,42.206444,-9.944773,lze,3
Puh,-47.34894,-22.248682,Puh,1
(en,42.41021,4.6788263,(en,2
"un,",31.530537,-8.157229,"un,",3
Funcl,-25.75488,-12.100402,Funcl,2
Rz,-30.735542,-10.488892,Rz,2
PROGRAMMNG,-29.929508,-48.28241,PROGRAMMNG,0
Mercurl,-0.80223316,-1.9712703,Mercurl,2
Selec,20.035124,-9.659785,Selec,2
Anr',-33.494167,1.0922967,Anr',2
"cpuer,",6.5521812,-46.41489,"cpuer,",1
Decrp,-32.477043,-13.550394,Decrp,2
"cce,",25.962618,-15.788652,"cce,",3
Cnv,-6.840462,-3.6254144,Cnv,2
rnpn,-0.12106561,-5.961745,rnpn,2
"DE,",-46.243813,5.013298,"DE,",1
"A,",1.2002285,-3.9599295,"A,",2
php,-6.81944,-7.137299,php,2
rcg,-8.434897,-9.426951,rcg,2
"nce,",31.935366,-4.8897433,"nce,",2
ANS,0.33030054,-30.163296,ANS,2
hppe,-44.11448,10.974235,hppe,1
"rchecu,",-33.488495,-29.918541,"rchecu,",2
ML,-31.591618,-8.6823435,ML,2
"Scl,",-27.419893,-13.900062,"Scl,",2
"ecur,",5.9850907,-11.883509,"ecur,",2
"ke,",32.66282,-8.733003,"ke,",3
"hg,",8.990341,0.13593873,"hg,",2
lrge-cle,-1.3909851,-12.049664,lrge-cle,1
fke,-14.747969,-10.586192,fke,2
clfc,43.111275,8.906188,clfc,2
Glbl,-33.566025,-4.9792333,Glbl,1
lener,32.52067,-15.1974125,lener,2
Slu,-44.2356,-9.661032,Slu,1
hlg,22.082851,15.94822,hlg,2
run-,40.53295,2.7493572,run-,2
guele,-1.4393301,3.8917668,guele,2
rgl,-12.027848,-1.0134455,rgl,2
Uu,38.22861,-0.70983875,Uu,2
XPh,50.04146,-8.104382,XPh,2
expernl,-16.834757,-16.62591,expernl,2
Ak,3.072695,14.013049,Ak,0
"lc,",27.13324,-13.941509,"lc,",3
Clenr,-23.78576,-3.025551,Clenr,2
Blen,44.473747,-2.900431,Blen,2
JDK,-28.675764,1.8332683,JDK,1
brp,-2.7610128,-4.7658577,brp,2
Srucu,-33.80428,-12.621929,Srucu,2
ercl,35.685646,4.0151157,ercl,2
SAS,-9.672159,10.648033,SAS,2
vOS,-46.715977,-29.434412,vOS,1
prvlege,24.498137,-15.3535795,prvlege,3
erler,-31.729025,4.9507947,erler,1
flh,8.827012,-8.203125,flh,2
XML-be,-32.24061,-13.260314,XML-be,2
Abrc,-29.26587,-5.8313723,Abrc,2
ccurnc,20.876114,4.6929445,ccurnc,2
WF,-12.178588,13.8812685,WF,1
eclpe,23.087637,6.265232,eclpe,0
gnfcn,41.570187,11.336937,gnfcn,2
bcke,-3.141164,-10.084909,bcke,2
"Mcr,",-44.585335,-4.176635,"Mcr,",1
explc,44.40111,-7.412824,explc,3
expn,37.087055,-11.404063,expn,2
epenenl,38.922207,-10.110176,epenenl,2
ervle,-18.037361,1.6555498,ervle,2
bck-en,-3.1485922,-16.064644,bck-en,1
Lc,-40.65509,-1.5141083,Lc,1
"pful,",-20.901361,-14.405101,"pful,",1
Jl,-14.919086,-2.464425,Jl,2
runner,13.142377,-13.257071,runner,2
Gew,-38.047585,-4.586712,Gew,1
hppg,2.3276224,-2.27869,hppg,2
HUAWE,-51.7617,-4.0376954,HUAWE,1
"grph,",33.22806,-11.584231,"grph,",2
"pecfc,",-18.121323,-1.6110188,"pecfc,",2
NHrne,-16.52099,2.0382779,NHrne,2
Cg,-32.125042,-8.251985,Cg,2
He,4.7449527,-5.000974,He,2
"cOS,",-46.403393,-29.431103,"cOS,",1
Servce),-49.75564,-14.703377,Servce),1
Jer,-16.65836,-1.6003661,Jer,2
WSO,-47.44411,-6.1949344,WSO,1
NVDA,-25.496464,-6.30703,NVDA,1
"-,",-42.338684,-8.035764,"-,",1
PP,-41.322643,13.081675,PP,1
brwg,14.460717,-11.057844,brwg,2
Trnf,-14.878996,-0.97155744,Trnf,2
crprce,-32.88612,-30.768562,crprce,1
feebck,11.612596,-8.76864,feebck,4
Crce,-49.052776,-11.840258,Crce,1
une,19.84497,-4.2461414,une,2
YAML,-9.1386385,-1.456425,YAML,2
cgnze,38.324898,2.8345857,cgnze,2
prlg,-25.664427,0.77877647,prlg,2
pcu,27.001484,-11.437963,pcu,3
Mnge,-47.06819,-8.807518,Mnge,1
"egr,",-6.141554,-16.134005,"egr,",1
"cex,",38.555973,-7.421262,"cex,",3
"prpe,",37.73739,12.029185,"prpe,",3
neJ,-39.58839,-13.563416,neJ,1
wner,26.656137,-11.364439,wner,3
effcenc,20.944427,4.090418,effcenc,2
exu,37.295845,-4.7154546,exu,2
LLVM,-0.90678614,-29.254791,LLVM,2
fnl,-11.12977,-11.979096,fnl,2
Rg,-35.953354,-3.0899816,Rg,1
nchrul,32.70613,-15.017944,nchrul,2
SPARQL,-24.70456,-14.676149,SPARQL,2
hhg,41.949577,-2.8370554,hhg,2
ubcrp,7.685301,-3.6271045,ubcrp,2
"prcee,",30.712128,-2.91156,"prcee,",2
njec,-36.81202,-17.059479,njec,1
Vec,-28.94115,-7.659469,Vec,2
rchecurl,-21.802874,0.49540162,rchecurl,1
"ecu,",-8.794634,-40.632584,"ecu,",1
ecul,-0.27966124,-41.46555,ecul,1
"uge,",0.31911948,13.530509,"uge,",2
enfce,38.593365,4.631784,enfce,3
"erc,",24.720524,-12.963119,"erc,",2
rrnge,38.05556,-20.888605,rrnge,3
Elxr,-16.528667,-7.496497,Elxr,2
Er,-3.6507242,13.386006,Er,2
WebGL,-4.919401,-3.691704,WebGL,2
gerc,42.402283,-4.9805865,gerc,2
ABOUT,-29.410164,-48.37128,ABOUT,0
Deb,-34.364124,-31.112782,Deb,1
AcRec,-17.81057,-4.6733065,AcRec,2
Fler,14.708468,10.210934,Fler,2
Lghgh,-21.984697,-14.675053,Lghgh,1
Jnur,-36.521023,-35.75958,Jnur,2
prpg,-13.279934,-9.663115,prpg,2
eerc,2.4280407,-28.87822,eerc,2
Z,-29.663748,6.3620095,Z,1
expec,28.901321,1.7225596,expec,2
fwr,31.367828,-5.5907383,fwr,2
feu-rch,-15.608468,-22.926004,feu-rch,4
BzTlk,-49.71389,-7.1830397,BzTlk,1
SMS,8.579177,-40.39567,SMS,2
(r,-30.338495,2.6773767,(r,2
Lk,-28.419521,9.2635975,Lk,2
feurg,-1.656979,-10.418175,feurg,2
Def,-32.44724,-13.78804,Def,2
"nx,",43.91179,3.129509,"nx,",2
Fl,-7.5267262,0.08250988,Fl,2
g),32.137486,20.92674,g),2
Org,-39.560066,-12.167202,Org,1
MD,16.553259,-2.4949045,MD,2
Bl,-14.272437,-7.0528445,Bl,2
DBMS,5.225573,7.418528,DBMS,2
OpenD,-39.24538,-3.4432595,OpenD,1
Blck,-47.15995,-10.801821,Blck,1
phe,30.780155,9.08668,phe,3
AcX,-43.59916,15.0352745,AcX,1
Techlg,-43.678715,-9.402655,Techlg,1
Mke,-22.416641,15.935061,Mke,2
Senc,-31.546965,-10.124451,Senc,1
wchOS,-46.70247,-29.350203,wchOS,1
erlze,0.4378582,-22.03407,erlze,2
"bg,",22.827578,-7.277708,"bg,",2
Nl,-35.34619,-11.140051,Nl,1
ngle,45.16553,-19.626396,ngle,3
Dec,-31.23148,-5.5648246,Dec,2
fegn,39.87561,-3.2486117,fegn,2
gepl,-3.4709408,-0.49391198,gepl,2
Mppg,-25.758585,-17.161732,Mppg,2
RPC,1.6163816,-15.975635,RPC,2
"ze,",29.537298,-5.9823494,"ze,",3
Vue,-14.024275,-16.847404,Vue,4
pll,41.125713,-9.221096,pll,2
Fc,-22.505161,1.9710313,Fc,2
EC,-41.987988,2.0644395,EC,1
Lgc,-33.849773,-8.58396,Lgc,1
clel,32.524284,20.761189,clel,2
JAR,15.696967,-19.413668,JAR,2
uhg,-9.660824,13.92859,uhg,4
XMPP,-20.436388,-8.746244,XMPP,2
"Lnguge,",-33.46819,-13.014863,"Lnguge,",2
"cp,",35.106274,-6.98041,"cp,",2
Sench,-19.563374,-22.736856,Sench,4
lpg,20.418486,-1.569001,lpg,2
"Al,",5.8636727,16.657318,"Al,",0
Decer,-36.197014,-36.31025,Decer,1
Accun,-40.44447,-2.0256042,Accun,1
cpurg,35.684093,-9.062521,cpurg,3
Chru,-19.235634,-19.067465,Chru,4
"PgSQL,",-59.728737,-7.7986956,"PgSQL,",1
cnl,31.68741,-0.033594266,cnl,2
nfe,11.780506,10.1268215,nfe,2
chenge,26.310377,4.5758867,chenge,2
flv,-8.710717,12.944456,flv,2
Prle,-41.738983,-4.995556,Prle,1
rnce,38.033348,-0.71099335,rnce,2
"cfgur,",1.0900087,13.807018,"cfgur,",2
"SQL,",-31.918854,11.370965,"SQL,",1
Plr,-3.1506608,-3.2542517,Plr,4
Gu,43.10832,8.905508,Gu,2
(h,20.557793,10.44994,(h,2
ebler,21.30777,9.250383,ebler,2
elf-ce,-11.883594,-4.4658003,elf-ce,2
culer,0.2024948,-8.132955,culer,2
eecg,27.186367,10.356353,eecg,2
WebDrr,-17.18716,-18.48598,WebDrr,4
lcu,24.679815,-16.687185,lcu,3
en-uer,11.170245,-3.3438013,en-uer,2
JPEG,16.607533,-2.1769636,JPEG,2
"fc,",-4.9846964,-11.762144,"fc,",2
Trnp,-49.85883,-17.797405,Trnp,1
CUDA,-25.310993,-6.3230762,CUDA,2
wker,5.909911,-13.498575,wker,2
Nr,-36.205524,-36.357124,Nr,1
rne,2.6017303,-6.3356595,rne,2
HP,-45.160076,-5.903243,HP,1
Thg,-39.202816,-27.361465,Thg,1
Fcebk',-16.27555,-16.555952,Fcebk',4
brker,-24.999865,18.226547,brker,2
Pu,-13.634551,-3.921264,Pu,2
fx,30.35185,4.80208,fx,2
funcle,-20.596792,-12.902209,funcle,1
"uc,",28.96012,-4.0539594,"uc,",2
"chrcer,",44.0407,-5.1119223,"chrcer,",3
erfcg,-19.577894,-5.8761725,erfcg,2
"cpu,",18.36862,2.5217302,"cpu,",2
"ger,",29.651972,-4.855453,"ger,",2
DcX,-45.775257,16.132202,DcX,1
OpenSck,-4.0100193,-18.148376,OpenSck,1
TCPP,2.271589,-14.00189,TCPP,2
TFS,-44.449238,9.16436,TFS,1
"bulg,",-2.224621,-7.028944,"bulg,",2
Une,-45.754654,-11.521354,Une,1
-pecfc,-16.28608,6.6913805,-pecfc,2
Cuu,-45.75319,-0.26738295,Cuu,1
Telerk,-8.803355,-19.245586,Telerk,4
Auc,-30.973383,-3.807087,Auc,2
eCrce,-28.13692,3.2972486,eCrce,1
expern,-5.3835597,-11.591861,expern,2
uer-efe,37.688545,16.493303,uer-efe,2
wer,39.54558,-4.582962,wer,2
Bh,-20.273623,-1.7861906,Bh,2
eleg,38.340218,-14.252787,eleg,3
Sgle,-35.72663,-2.6530523,Sgle,1
"E,",-43.340458,-15.617828,"E,",1
SrQu,-13.530568,-1.6788352,SrQu,2
Mlb,38.52772,15.489579,Mlb,2
[ph],13.835179,-28.531265,[ph],0
evl,20.449083,15.943756,evl,2
RC,-21.796274,18.304287,RC,1
Nvg,-34.53324,1.4462458,Nvg,1
elep,33.300854,-8.842158,elep,3
Flw,-36.20225,-2.5541835,Flw,1
hcle,26.963276,-2.4048336,hcle,2
grbge,42.39785,-0.08674706,grbge,2
Reerch,-43.819065,-10.650128,Reerch,1
echg,2.6264946,-28.6727,echg,2
"lu,",18.625492,1.3229029,"lu,",2
Lfer,-29.871073,4.620492,Lfer,1
BE,-29.559717,-47.65238,BE,0
wc,26.221668,-10.977054,wc,3
brnc,49.272865,-4.3482676,brnc,3
Spl,4.1072407,-3.6050076,Spl,2
pcker,17.477045,-10.888648,pcker,2
Yu',6.1468554,12.427029,Yu',2
blee,-0.92388296,53.235233,blee,2
Such,40.382942,-12.003147,Such,3
Grun,12.716566,-14.555711,Grun,2
nfrrucu,-46.659332,-9.4331,nfrrucu,1
Lw,-39.638653,-9.233146,Lw,1
lge,12.544543,9.618381,lge,2
grun,13.358048,-13.453695,grun,2
"Ggle,",-25.46027,9.183225,"Ggle,",1
Akk,-19.541954,-11.152883,Akk,2
pln,3.838874,21.616995,pln,2
Pp,-34.42976,3.7872727,Pp,1
curnc,35.593456,-7.0755243,curnc,2
"erch,",22.8346,-0.9505955,"erch,",2
f),34.4608,-2.3514261,f),2
SS,-44.274303,-5.3274918,SS,1
cceler,5.324267,-7.9745593,cceler,2
ql,5.59497,8.57564,ql,2
Slk,-10.4528475,6.724308,Slk,2
perprl,8.207506,-7.116885,perprl,2
cplce,17.921717,4.8991895,cplce,2
Lucene,-19.302237,-14.752506,Lucene,2
rp-,-15.483468,-4.6058617,rp-,2
bjec-,-26.56128,-17.098463,bjec-,2
OSX,-43.63039,-32.763958,OSX,1
Pern,-32.284836,-4.147209,Pern,1
PPl,-37.508537,-2.2969942,PPl,2
Mx,-21.936876,-1.1668683,Mx,2
lbx,-16.744934,-2.8369787,lbx,2
clen-err,-22.358358,-7.312376,clen-err,1
"HTTP,",1.6403935,-13.9270935,"HTTP,",1
Pruc,-44.5149,-6.893684,Pruc,1
e-l,4.5127087,-14.825004,e-l,2
plu,-5.3795996,-9.422477,plu,2
Ex,-14.47641,-11.171105,Ex,2
Ae,-37.09321,-8.811737,Ae,1
"prble,",45.383274,11.280204,"prble,",0
eugh,22.580109,22.090118,eugh,2
Wp,15.69879,-12.242859,Wp,2
Cpe,-21.386705,-0.8277385,Cpe,2
ggpl,12.267678,-17.936945,ggpl,2
cluerg,16.267,0.27756846,cluerg,2
lenc,13.17291,2.4526367,lenc,2
AR,-21.282028,-17.051893,AR,1
fencg,39.959274,16.23058,fencg,2
prceurl,1.2872486,-27.857098,prceurl,2
cble,-28.544008,25.049349,cble,2
-e,22.807657,1.8048868,-e,2
keepg,27.483982,-10.348103,keepg,2
Brwer,-35.478672,3.4512115,Brwer,1
bckwr,13.755862,12.747247,bckwr,2
zp,16.052649,-20.357075,zp,2
nvge,25.499176,-12.273742,nvge,3
e:,4.8397903,12.092398,e:,0
Rule,-32.207165,-9.882506,Rule,2
ul-plf,-16.506117,-11.371502,ul-plf,2
"Hke,",-27.594126,-13.402389,"Hke,",2
cege,33.54001,-5.1608977,cege,3
brwer-be,-10.761489,-16.878338,brwer-be,4
Cpue,-47.533024,-16.966404,Cpue,1
ennce,-23.414608,15.293382,ennce,1
ccebl,11.152708,-7.103558,ccebl,2
Elecrc,-42.09223,-2.577106,Elecrc,1
ccl,39.132175,11.333483,ccl,2
Wklgh,-48.17742,-13.217902,Wklgh,1
